<layer name="ToastDlg" width="100" height="30" toolwindow="1" ncRect="0,0,0,0" resize="0" nomaxsize="1" translucent="1">
  <body>
    <dlg pos="0,0,-0,-0" skin="toast_bkg">
   	  <dlg name="dlg_toast" pos="0,0,-0,-0" skin="toast_bkg">
	      <text name="txt_tip" pos="0,0" height="16" valign="middle" font="0000:微软雅黑" crtext="FFFFFF"/>
	      <link name="link_tip" pos="[0,0" height="16" valign="middle" class="cls_toast_link"/>
	      <buttonex name="btn_close" pos="-29,|-14,@28,@28" normal-skin="toast_btn_close_normal" hover-skin="toast_btn_close_hover" down-skin="toast_btn_close_down" font="0000:微软雅黑" crtext="FFFFFF"/>
	  </dlg>
    </dlg>
  </body>
</layer>